{
    "questions": 
    [
        {
            "id": 0,
            "name": "Eh uma pais da europa",
            "correct": "Alemanha",
            "inco":
            [
                "Brazil",
                "Japao",
                "Palestina"
            ]
        },
        {
            "id": 1,
            "name": "Conhece Elon musk?",
            "correct": "Sim",
            "inco": 
            [
                "Nao",
                "TOGURO?",
                "Nao sei"
            ]
        },
        {
            "id": 2,
            "name": "Qual o pais de origem do sepak takraw",
            "correct": "Malasia",
            "inco":
            [
                "Russia",
                "China",
                "Turquia"
            ]
            
        },
        {
            "id": 3,
            "name": "A África é?",
            "correct": "Continente",
            "inco":
            [
                "Bairro da cidade de Campo Mourão",
                "País",
                "Cidade"
            ]

        },
        {
            "id":4,
            "name": "Na mitologia nordica, Thor usa como arma um?",
            "correct": "martelo",
            "inco":
            [
                "IphoneX",
                "Enxada",
                "Bacalhau"
            ]

        },
        {
            "id":5,
            "name": "O melhor carro do mundo é?",
            "correct": "Fuscão preto",
            "inco":
            [
                "Lamborghini",
                "Supra",
                "Camaro"
            ]

        },
        {
            "id":6,
            "name": "Qual era a cor da barba do pirata Barba Negra?",
            "correct": "Preta",
            "inco":
            [
                "Azul banana",
                "Branco Dourado",
                "Magenta"
            ]

        },
        {
            "id":7,
            "name": "Qual o nome do mascote do Ratinho?",
            "correct": "Charopinho",
            "inco":
            [
                "Remy",
                "Roddy",
                "Smilingüido"
            ]

        },
        {
            "id":8,
            "name": "O pai do pastor, é filho único do meu pai, o que eu sou do pastor?",
            "correct": "Pai",
            "inco":
            [
                "Titio Avô(ó)",
                "Subrinho(a)",
                "Amante"
            ]

        },
        {
            "id":9,
            "name": "O cantor Tim Maia já",
            "correct": "Falecido",
            "inco":
            [
                "Vívido",
                "Só quer amar",
                "Fico bem à vontade"
            ]

        },
        {
            "id":10,
            "name": "A raça do Scooby-doo é?",
            "correct": "Dogue-alemão",
            "inco":
            [
                "Pinscher",
                "Viralata caramelo",
                "Fila Brasileiro"
            ]

        },
        {
            "id":11,
            "name": "Quem é o autor da frase 'Ser ou não ser? Eis a questão'?",
            "correct": "William Shakespeare",
            "inco":
            [
                "Michelangelo di Lodovico Buonarroti Simoni",
                "Ludwing Van Beethowen",
                "Karl Marx"
            ]

        },
        {
            "id":12,
            "name": "Qual o maior crime da Humanidade?",
            "correct": "Calvisse",
            "inco":
            [
                "Corno",
                "Gado",
                "Amar de mais"
            ]

        },
        {
            "id":13,
            "name": "Dois homens estão no deserto. Ambos estão com uma mochila nas costas. A mochila de um está aberta e vazia.\n A mochila do outro está fechada e guarda alguma coisa. Um dos homens está morto. O que há dentro da mochila fechada?",
            "correct": "Um paraquedas",
            "inco":
            [
                "Bolinha de golf",
                "Bolo de fuba",
                "Cardernos de surfistas"
            ]

        },
        {
            "id":14,
            "name": "O que se deve dizer a alguem que você de conhecer?",
            "correct": "Ola",
            "inco":
            [
                "Em pleno 2022",
                "Casada?",
                "Mike Wazowski"
            ]

        }





    ],
    "Spequestions":
    [
        {
            "id": 0
        }
    ]
    
}